Sample,Index1 (I5),Index1 Sequence,Index2(I7),Index2 Sequence,num
neg_1,SA501,ATCGTACG,SA701,CGAGAGTT,1
TLM08_622_L,SA501,ATCGTACG,SA702,GACATAGT,2
TLM16_622_L,SA501,ATCGTACG,SA703,ACGCTACT,3
TLC01_622_L,SA501,ATCGTACG,SA704,ACTCACTG,4
TLB01_622_L,SA501,ATCGTACG,SA705,TGAGTACG,5
TLA04_622_L,SA501,ATCGTACG,SA706,CTGCGTAG,6
TLMBP_622_L,SA501,ATCGTACG,SA707,TAGTCTCC,7
TLM09_622_B,SA501,ATCGTACG,SA708,CGAGCGAC,8
TLMG5_622_B,SA501,ATCGTACG,SA709,ACTACGAC,9
TLC02_622_B,SA501,ATCGTACG,SA710,GTCTGCTA,10
TLA01_622_B,SA501,ATCGTACG,SA711,GTCTATGA,11
TLY02_622_B,SA501,ATCGTACG,SA712,TATAGCGA,12
TLM01_622_L,SA502,ACTATCTG,SA701,CGAGAGTT,13
TLM09_622_L,SA502,ACTATCTG,SA702,GACATAGT,14
TLMG5_622_L,SA502,ACTATCTG,SA703,ACGCTACT,15
TLCG1_622_L,SA502,ACTATCTG,SA704,ACTCACTG,16
TLB02_622_L,SA502,ACTATCTG,SA705,TGAGTACG,17
TLA05_622_L,SA502,ACTATCTG,SA706,CTGCGTAG,18
TLM01_622_B,SA502,ACTATCTG,SA707,TAGTCTCC,19
TLM11_622_B,SA502,ACTATCTG,SA708,CGAGCGAC,20
TLM17_622_B,SA502,ACTATCTG,SA709,ACTACGAC,21
TLC03_622_B,SA502,ACTATCTG,SA710,GTCTGCTA,22
TLA02_622_B,SA502,ACTATCTG,SA711,GTCTATGA,23
TLX01_622_B,SA502,ACTATCTG,SA712,TATAGCGA,24
TLM02_622_L,SA503,TAGCGAGT,SA701,CGAGAGTT,25
TLM11_622_L,SA503,TAGCGAGT,SA702,GACATAGT,26
TLM17_622_L,SA503,TAGCGAGT,SA703,ACGCTACT,27
TLC02_622_L,SA503,TAGCGAGT,SA704,ACTCACTG,28
TLZ01_622_L,SA503,TAGCGAGT,SA705,TGAGTACG,29
TLA07_622_L,SA503,TAGCGAGT,SA706,CTGCGTAG,30
TLM02_622_B,SA503,TAGCGAGT,SA707,TAGTCTCC,31
TLM10_622_B,SA503,TAGCGAGT,SA708,CGAGCGAC,32
TLM18_622_B,SA503,TAGCGAGT,SA709,ACTACGAC,33
TLC04_622_B,SA503,TAGCGAGT,SA710,GTCTGCTA,34
TLA03_622_B,SA503,TAGCGAGT,SA711,GTCTATGA,35
TLX02_622_B,SA503,TAGCGAGT,SA712,TATAGCGA,36
TLM03_622_L,SA504,CTGCGTGT,SA701,CGAGAGTT,37
TLM10_622_L,SA504,CTGCGTGT,SA702,GACATAGT,38
TLM18_622_L,SA504,CTGCGTGT,SA703,ACGCTACT,39
TLC03_622_L,SA504,CTGCGTGT,SA704,ACTCACTG,40
TLZ02_622_L,SA504,CTGCGTGT,SA705,TGAGTACG,41
TLA08_622_L,SA504,CTGCGTGT,SA706,CTGCGTAG,42
TLM03_622_B,SA504,CTGCGTGT,SA707,TAGTCTCC,43
TLM12_622_B,SA504,CTGCGTGT,SA708,CGAGCGAC,44
TLM19_622_B,SA504,CTGCGTGT,SA709,ACTACGAC,45
TLC06_622_B,SA504,CTGCGTGT,SA710,GTCTGCTA,46
TLA04_622_B,SA504,CTGCGTGT,SA711,GTCTATGA,47
TLM01_622_S,SA504,CTGCGTGT,SA712,TATAGCGA,48
TLM04_622_L,SA505,TCATCGAG,SA701,CGAGAGTT,49
TLM12_622_L,SA505,TCATCGAG,SA702,GACATAGT,50
TLM19_622_L,SA505,TCATCGAG,SA703,ACGCTACT,51
TLC04_622_L,SA505,TCATCGAG,SA704,ACTCACTG,52
TLZ03_622_L,SA505,TCATCGAG,SA705,TGAGTACG,53
TLY01_622_L,SA505,TCATCGAG,SA706,CTGCGTAG,54
TLM04_622_B,SA505,TCATCGAG,SA707,TAGTCTCC,55
TLM13_622_B,SA505,TCATCGAG,SA708,CGAGCGAC,56
TLM20_622_B,SA505,TCATCGAG,SA709,ACTACGAC,57
TLB01_622_B,SA505,TCATCGAG,SA710,GTCTGCTA,58
TLA05_622_B,SA505,TCATCGAG,SA711,GTCTATGA,59
TLM02_622_S,SA505,TCATCGAG,SA712,TATAGCGA,60
TLM05_622_L,SA506,CGTGAGTG,SA701,CGAGAGTT,61
TLM13_622_L,SA506,CGTGAGTG,SA702,GACATAGT,62
TLM20_622_L,SA506,CGTGAGTG,SA703,ACGCTACT,63
TLC05_622_L,SA506,CGTGAGTG,SA704,ACTCACTG,64
TLA01_622_L,SA506,CGTGAGTG,SA705,TGAGTACG,65
TLY02_622_L,SA506,CGTGAGTG,SA706,CTGCGTAG,66
TLM06_622_B,SA506,CGTGAGTG,SA707,TAGTCTCC,67
TLM14_622_B,SA506,CGTGAGTG,SA708,CGAGCGAC,68
TLM21_622_B,SA506,CGTGAGTG,SA709,ACTACGAC,69
TLB02_622_B,SA506,CGTGAGTG,SA710,GTCTGCTA,70
TLA07_622_B,SA506,CGTGAGTG,SA711,GTCTATGA,71
TLM03_622_S,SA506,CGTGAGTG,SA712,TATAGCGA,72
TLM06_622_L,SA507,GGATATCT,SA701,CGAGAGTT,73
TLM14_622_L,SA507,GGATATCT,SA702,GACATAGT,74
TLM21_622_L,SA507,GGATATCT,SA703,ACGCTACT,75
TLC06_622_L,SA507,GGATATCT,SA704,ACTCACTG,76
TLA02_622_L,SA507,GGATATCT,SA705,TGAGTACG,77
TLX01_622_L,SA507,GGATATCT,SA706,CTGCGTAG,78
TLM07_622_B,SA507,GGATATCT,SA707,TAGTCTCC,79
TLM15_622_B,SA507,GGATATCT,SA708,CGAGCGAC,80
TLM22_622_B,SA507,GGATATCT,SA709,ACTACGAC,81
TLZ01_622_B,SA507,GGATATCT,SA710,GTCTGCTA,82
TLA08_622_B,SA507,GGATATCT,SA711,GTCTATGA,83
TLM04_622_S,SA507,GGATATCT,SA712,TATAGCGA,84
TLM07_622_L,SA508,GACACCGT,SA701,CGAGAGTT,85
TLM15_622_L,SA508,GACACCGT,SA702,GACATAGT,86
TLM22_622_L,SA508,GACACCGT,SA703,ACGCTACT,87
TLC07_622_L,SA508,GACACCGT,SA704,ACTCACTG,88
TLA03_622_L,SA508,GACACCGT,SA705,TGAGTACG,89
TLX02_622_L,SA508,GACACCGT,SA706,CTGCGTAG,90
TLM08_622_B,SA508,GACACCGT,SA707,TAGTCTCC,91
TLM16_622_B,SA508,GACACCGT,SA708,CGAGCGAC,92
TLC01_622_B,SA508,GACACCGT,SA709,ACTACGAC,93
TLZ03_622_B,SA508,GACACCGT,SA710,GTCTGCTA,94
TLY01_622_B,SA508,GACACCGT,SA711,GTCTATGA,95
TLM05_622_S,SA508,GACACCGT,SA712,TATAGCGA,96
neg_2,SB501,CTACTATA,SB701,CTCGACTT,97
TLM13_622_S,SB501,CTACTATA,SB702,CGAAGTAT,98
TLM20_622_S,SB501,CTACTATA,SB703,TAGCAGCT,99
TLC05_622_S,SB501,CTACTATA,SB704,TCTCTATG,100
TLA01_622_S,SB501,CTACTATA,SB705,GATCTACG,101
TLY02_622_S,SB501,CTACTATA,SB706,GTAACGAG,102
TLM16_822_L,SB501,CTACTATA,SB707,ACGTGCGC,103
TLM19_822_B,SB501,CTACTATA,SB708,ATAGTACC,104
TLM01_322_L,SB501,CTACTATA,SB709,GCGTATAC,105
TLC01_322_B,SB501,CTACTATA,SB710,TGCTCGTA,106
TLM06_322_S,SB501,CTACTATA,SB711,AACGCTGA,107
TLM06_622_S,SB502,CGTTACTA,SB701,CTCGACTT,108
TLM14_622_S,SB502,CGTTACTA,SB702,CGAAGTAT,109
TLM21_622_S,SB502,CGTTACTA,SB703,TAGCAGCT,110
TLC06_622_S,SB502,CGTTACTA,SB704,TCTCTATG,111
TLA02_622_S,SB502,CGTTACTA,SB705,GATCTACG,112
TLX01_622_S,SB502,CGTTACTA,SB706,GTAACGAG,113
TLM19_822_L,SB502,CGTTACTA,SB707,ACGTGCGC,114
TLM01_822_S,SB502,CGTTACTA,SB708,ATAGTACC,115
TLC01_322_L,SB502,CGTTACTA,SB709,GCGTATAC,116
TLM06_322_B,SB502,CGTTACTA,SB710,TGCTCGTA,117
TLM10_322_S,SB502,CGTTACTA,SB711,AACGCTGA,118
TLM07_622_S,SB503,AGAGTCAC,SB701,CTCGACTT,119
TLM15_622_S,SB503,AGAGTCAC,SB702,CGAAGTAT,120
TLM22_622_S,SB503,AGAGTCAC,SB703,TAGCAGCT,121
TLC07_622_S,SB503,AGAGTCAC,SB704,TCTCTATG,122
TLA03_622_S,SB503,AGAGTCAC,SB705,GATCTACG,123
TLX02_622_S,SB503,AGAGTCAC,SB706,GTAACGAG,124
TLM01_822_B,SB503,AGAGTCAC,SB707,ACGTGCGC,125
TLC01_822_S,SB503,AGAGTCAC,SB708,ATAGTACC,126
TLM06_322_L,SB503,AGAGTCAC,SB709,GCGTATAC,127
TLM10_322_B,SB503,AGAGTCAC,SB710,TGCTCGTA,128
TLA01_322_S,SB503,AGAGTCAC,SB711,AACGCTGA,129
TLM08_622_S,SB504,TACGAGAC,SB701,CTCGACTT,130
TLM16_622_S,SB504,TACGAGAC,SB702,CGAAGTAT,131
TLC01_622_S,SB504,TACGAGAC,SB703,TAGCAGCT,132
TLB01_622_S,SB504,TACGAGAC,SB704,TCTCTATG,133
TLA04_622_S,SB504,TACGAGAC,SB705,GATCTACG,134
TLM01_822_L,SB504,TACGAGAC,SB706,GTAACGAG,135
TLC01_822_B,SB504,TACGAGAC,SB707,ACGTGCGC,136
TLM06_822_S,SB504,TACGAGAC,SB708,ATAGTACC,137
TLM10_322_L,SB504,TACGAGAC,SB709,GCGTATAC,138
TLA01_322_B,SB504,TACGAGAC,SB710,TGCTCGTA,139
TLM16_322_S,SB504,TACGAGAC,SB711,AACGCTGA,140
TLM09_622_S,SB505,ACGTCTCG,SB701,CTCGACTT,141
TLMG5_622_S,SB505,ACGTCTCG,SB702,CGAAGTAT,142
TLCG1_622_S,SB505,ACGTCTCG,SB703,TAGCAGCT,143
TLB02_622_S,SB505,ACGTCTCG,SB704,TCTCTATG,144
TLA05_622_S,SB505,ACGTCTCG,SB705,GATCTACG,145
TLC01_822_L,SB505,ACGTCTCG,SB706,GTAACGAG,146
TLM06_822_B,SB505,ACGTCTCG,SB707,ACGTGCGC,147
TLM10_822_S,SB505,ACGTCTCG,SB708,ATAGTACC,148
TLA01_322_L,SB505,ACGTCTCG,SB709,GCGTATAC,149
TLM16_322_B,SB505,ACGTCTCG,SB710,TGCTCGTA,150
TLM19_322_S,SB505,ACGTCTCG,SB711,AACGCTGA,151
TLM11_622_S,SB506,TCGACGAG,SB701,CTCGACTT,152
TLM17_622_S,SB506,TCGACGAG,SB702,CGAAGTAT,153
TLC02_622_S,SB506,TCGACGAG,SB703,TAGCAGCT,154
TLZ01_622_S,SB506,TCGACGAG,SB704,TCTCTATG,155
TLA07_622_S,SB506,TCGACGAG,SB705,GATCTACG,156
TLM06_822_L,SB506,TCGACGAG,SB706,GTAACGAG,157
TLM10_822_B,SB506,TCGACGAG,SB707,ACGTGCGC,158
TLA01_822_S,SB506,TCGACGAG,SB708,ATAGTACC,159
TLM16_322_L,SB506,TCGACGAG,SB709,GCGTATAC,160
TLM19_322_B,SB506,TCGACGAG,SB710,TGCTCGTA,161
TLM10_622_S,SB507,GATCGTGT,SB701,CTCGACTT,162
TLM18_622_S,SB507,GATCGTGT,SB702,CGAAGTAT,163
TLC03_622_S,SB507,GATCGTGT,SB703,TAGCAGCT,164
TLZ02_622_S,SB507,GATCGTGT,SB704,TCTCTATG,165
TLA08_622_S,SB507,GATCGTGT,SB705,GATCTACG,166
TLM10_822_L,SB507,GATCGTGT,SB706,GTAACGAG,167
TLA01_822_B,SB507,GATCGTGT,SB707,ACGTGCGC,168
TLM16_822_S,SB507,GATCGTGT,SB708,ATAGTACC,169
TLM19_322_L,SB507,GATCGTGT,SB709,GCGTATAC,170
TLM01_322_S,SB507,GATCGTGT,SB710,TGCTCGTA,171
TLM12_622_S,SB508,GTCAGATA,SB701,CTCGACTT,172
TLM19_622_S,SB508,GTCAGATA,SB702,CGAAGTAT,173
TLC04_622_S,SB508,GTCAGATA,SB703,TAGCAGCT,174
TLZ03_622_S,SB508,GTCAGATA,SB704,TCTCTATG,175
TLY01_622_S,SB508,GTCAGATA,SB705,GATCTACG,176
TLA01_822_L,SB508,GTCAGATA,SB706,GTAACGAG,177
TLM16_822_B,SB508,GTCAGATA,SB707,ACGTGCGC,178
TLM19_822_S,SB508,GTCAGATA,SB708,ATAGTACC,179
TLM01_322_B,SB508,GTCAGATA,SB709,GCGTATAC,180
TLC01_322_S,SB508,GTCAGATA,SB710,TGCTCGTA,181